create database itenkris;
use itenkris;
set names utf8;

create table category(
   id mediumint unsigned not null auto_increment comment 'Id',
   cat_name varchar(30) not null comment '分类名称',
   parent_id mediumint unsigned not null default '0' comment '上级分类的Id,0:顶级分类',
   primary key (id)
)engine=InnoDB default charset=utf8 comment '分类';
INSERT INTO `category` (`id`, `cat_name`, `parent_id`) VALUES (1, 'Home', 0);
INSERT INTO `category` (`id`, `cat_name`, `parent_id`) VALUES (2, 'Product', 0);
INSERT INTO `category` (`id`, `cat_name`, `parent_id`) VALUES (3, 'News', 0);
INSERT INTO `category` (`id`, `cat_name`, `parent_id`) VALUES (4, 'Careers', 0);
INSERT INTO `category` (`id`, `cat_name`, `parent_id`) VALUES (5, 'Contact', 0);

create table news(
   id mediumint unsigned not null auto_increment comment 'Id',
   news_title varchar(150) not null comment '新闻标题', 
   news_content mediumtext not null comment '新闻内容',
   addtime datetime not null comment '添加时间',
   primary key (id),   
   key addtime(addtime)
)engine=InnoDB default charset=utf8 comment '新闻';
INSERT INTO `news` (`id`, `news_title`, `news_content`, `addtime`) VALUES (1, '1 Enkris Semiconductor Demonstrates High Voltage GaN HEMT Structures on 200mm Silicon with AIXTRON Tool', '<p>Aachen/Suzhou, July 03, 2014 – Chinese semiconductor specialist Enkris Semiconductor, Inc. has successfully demonstrated the manufacture of high voltage Gallium Nitride HEMT (High Electron Mobility Transistor) structures on 200mm Silicon (GaN-on-Si) by using an AIXTRON CRIUS® II Close Coupled Showerhead® Reactor.</p><p>GaN-on-Si power devices have attracted much attention from both academics and industry recently because of their potential applications in power electronics. Due to the defective nature of heteroepitaxial GaN layers grown on silicon, GaN-on-Si power devices have suffered from high buffer leakage. Most recently, Enkris Semiconductor has produced high voltage GaN HEMT materials on 200mm silicon with excellent uniformity and low buffer leakage combined with excellent thickness uniformity of&lt;0.5% without edge exclusion. Under special conditions the uniformity value can be improved even further</p><p style=\"text-align:center;\"><img src=\"http://www.itenkris.com/Public/umeditor/php/upload/20160607/14653019411689.jpg\" alt=\"14653019411689.jpg\" /></p><p style=\"text-align:center;\">Figure 1 Thickness mapping of 200mm GaN-on-Si wafers</p><p style=\"text-align:left;\">“It has been well accepted that GaN on large size silicon substrates is the most cost-effective way to achieve high volume production of GaN power devices. However, a large wafer bow combined with a high buffer leakage has hindered the further development of the GaN-on-Si technology so far. Our process on 200mm silicon substrates shows that high breakdown voltage (&gt;1600V) GaN power devices with low leakage currently can be achieved with relatively thin buffer layers of 4 µm. They simplify the growth process, minimize the wafer bow and reduce the epi-cost significantly. Based on our processes which were applied on AIXTRON’s CRIUS® system, GaN-on-Si power devices may reach even higher voltages in the near future,” comments Dr. Cheng Kai, co-founder of Enkris.</p><p style=\"text-align:center;\"><img src=\"http://www.itenkris.com/Public/umeditor/php/upload/20160607/1465302245664.jpg\" alt=\"1465302245664.jpg\" /></p><p style=\"text-align:center;\">Figure 2 Leakage current of devices farbricated on 200mm GaN-on-Si wafers</p><p>Dr. Frank Wischmeyer, Vice president power Electronics at AIXTRON, says “Enkris‘ remarkable success in achieving excellent layer quality and material properties show the capability of the Closed Coupled Showerhead® technology for high voltage GaN HEMT applications. The MOCVD technology is enabling the integration of wide band-semiconductors on large diameter silicon substrates. AIXTRON is committed to support the power electronics industry advancing toward high volume 200mm GaN-on-Si device manufacturing.”</p><p>About Enkris Semiconductor</p><p>Enkris Semiconductor, Inc. is located in Suzhou, Jiangsu, China. The company’s main products are GaN epi-wafers for electronics applications including both wireless communications and high voltage power switching devices. For further information on Enkris Semi., please contact: info@enkris.com.</p><p>About AIXTRON</p><p>AIXTRON SE is a leading provider of deposition equipment to the semiconductor industry. The Company was founded in 1983 and is headquartered in Herzogenrath (near Aachen), Germany, with subsidiaries and sales offices in Asia, United States and in Europe. AIXTRON’s technology solutions are used by a diverse range of customers worldwide to build advanced components for electronic and opto-electronic applications based on compound, silicon, or organic semiconductor materials. Such components are used in a broad range of innovative applications, technologies and industries. These include LED applications, display technologies, data storage, data transmission, energy management and conversion, communication, signalling and lighting as well as a range of other leading-edge technologies.</p><p>For further information on AIXTRON (FSE: AIXA, ISIN DE000A0WMpJ6; NASDAQ: AIXG, ISIN US0096061041) please visit our website at: <a href=\"http://www.aixtron.com\" target=\"_blank\">www.aixtron.com</a>.</p>', '2016-6-13 22:26:10');
INSERT INTO `news` (`id`, `news_title`, `news_content`, `addtime`) VALUES (2, '2 Enkris Semiconductor Demonstrates High Voltage GaN HEMT Structures on 200mm Silicon with AIXTRON Tool', '<p style=\"font-family:sans-serif, Arial, Verdana;\">Aachen/Suzhou, July 03, 2014 – Chinese semiconductor specialist Enkris Semiconductor, Inc. has successfully demonstrated the manufacture of high voltage Gallium Nitride HEMT (High Electron Mobility Transistor) structures on 200mm Silicon (GaN-on-Si) by using an AIXTRON CRIUS® II Close Coupled Showerhead® Reactor.</p><p style=\"font-family:sans-serif, Arial, Verdana;\">GaN-on-Si power devices have attracted much attention from both academics and industry recently because of their potential applications in power electronics. Due to the defective nature of heteroepitaxial GaN layers grown on silicon, GaN-on-Si power devices have suffered from high buffer leakage. Most recently, Enkris Semiconductor has produced high voltage GaN HEMT materials on 200mm silicon with excellent uniformity and low buffer leakage combined with excellent thickness uniformity of&lt;0.5% without edge exclusion. Under special conditions the uniformity value can be improved even further</p><p style=\"font-family:sans-serif, Arial, Verdana;text-align:center;\"><img src=\"http://www.itenkris.com/Public/umeditor/php/upload/20160607/14653019411689.jpg\" alt=\"14653019411689.jpg\" /></p><p style=\"font-family:sans-serif, Arial, Verdana;text-align:center;\">Figure 1 Thickness mapping of 200mm GaN-on-Si wafers</p><p style=\"font-family:sans-serif, Arial, Verdana;\">“It has been well accepted that GaN on large size silicon substrates is the most cost-effective way to achieve high volume production of GaN power devices. However, a large wafer bow combined with a high buffer leakage has hindered the further development of the GaN-on-Si technology so far. Our process on 200mm silicon substrates shows that high breakdown voltage (&gt;1600V) GaN power devices with low leakage currently can be achieved with relatively thin buffer layers of 4 µm. They simplify the growth process, minimize the wafer bow and reduce the epi-cost significantly. Based on our processes which were applied on AIXTRON’s CRIUS® system, GaN-on-Si power devices may reach even higher voltages in the near future,” comments Dr. Cheng Kai, co-founder of Enkris.</p><p style=\"font-family:sans-serif, Arial, Verdana;text-align:center;\"><img src=\"http://www.itenkris.com/Public/umeditor/php/upload/20160607/1465302245664.jpg\" alt=\"1465302245664.jpg\" /></p><p style=\"font-family:sans-serif, Arial, Verdana;text-align:center;\">Figure 2 Leakage current of devices farbricated on 200mm GaN-on-Si wafers</p><p style=\"font-family:sans-serif, Arial, Verdana;\">Dr. Frank Wischmeyer, Vice president power Electronics at AIXTRON, says “Enkris‘ remarkable success in achieving excellent layer quality and material properties show the capability of the Closed Coupled Showerhead® technology for high voltage GaN HEMT applications. The MOCVD technology is enabling the integration of wide band-semiconductors on large diameter silicon substrates. AIXTRON is committed to support the power electronics industry advancing toward high volume 200mm GaN-on-Si device manufacturing.”</p><p style=\"font-family:sans-serif, Arial, Verdana;\">About Enkris Semiconductor</p><p style=\"font-family:sans-serif, Arial, Verdana;\">Enkris Semiconductor, Inc. is located in Suzhou, Jiangsu, China. The company’s main products are GaN epi-wafers for electronics applications including both wireless communications and high voltage power switching devices. For further information on Enkris Semi., please contact: info@enkris.com.</p><p style=\"font-family:sans-serif, Arial, Verdana;\">About AIXTRON</p><p style=\"font-family:sans-serif, Arial, Verdana;\">AIXTRON SE is a leading provider of deposition equipment to the semiconductor industry. The Company was founded in 1983 and is headquartered in Herzogenrath (near Aachen), Germany, with subsidiaries and sales offices in Asia, United States and in Europe. AIXTRON’s technology solutions are used by a diverse range of customers worldwide to build advanced components for electronic and opto-electronic applications based on compound, silicon, or organic semiconductor materials. Such components are used in a broad range of innovative applications, technologies and industries. These include LED applications, display technologies, data storage, data transmission, energy management and conversion, communication, signalling and lighting as well as a range of other leading-edge technologies.</p><p style=\"font-family:sans-serif, Arial, Verdana;\">For further information on AIXTRON (FSE: AIXA, ISIN DE000A0WMpJ6; NASDAQ: AIXG, ISIN US0096061041) please visit our website at: <a href=\"http://www.aixtron.com/\" target=\"_blank\">www.aixtron.com</a>.</p><p><br /></p>', '2016-6-13 22:26:00');
INSERT INTO `news` (`id`, `news_title`, `news_content`, `addtime`) VALUES (3, '3 Enkris Semiconductor Demonstrates High Voltage GaN HEMT Structures on 200mm Silicon with AIXTRON Tool', '<p style=\"font-family:sans-serif, Arial, Verdana;\">Aachen/Suzhou, July 03, 2014 – Chinese semiconductor specialist Enkris Semiconductor, Inc. has successfully demonstrated the manufacture of high voltage Gallium Nitride HEMT (High Electron Mobility Transistor) structures on 200mm Silicon (GaN-on-Si) by using an AIXTRON CRIUS® II Close Coupled Showerhead® Reactor.</p><p style=\"font-family:sans-serif, Arial, Verdana;\">GaN-on-Si power devices have attracted much attention from both academics and industry recently because of their potential applications in power electronics. Due to the defective nature of heteroepitaxial GaN layers grown on silicon, GaN-on-Si power devices have suffered from high buffer leakage. Most recently, Enkris Semiconductor has produced high voltage GaN HEMT materials on 200mm silicon with excellent uniformity and low buffer leakage combined with excellent thickness uniformity of&lt;0.5% without edge exclusion. Under special conditions the uniformity value can be improved even further</p><p style=\"font-family:sans-serif, Arial, Verdana;text-align:center;\"><img src=\"http://www.itenkris.com/Public/umeditor/php/upload/20160607/14653019411689.jpg\" alt=\"14653019411689.jpg\" /></p><p style=\"font-family:sans-serif, Arial, Verdana;text-align:center;\">Figure 1 Thickness mapping of 200mm GaN-on-Si wafers</p><p style=\"font-family:sans-serif, Arial, Verdana;\">“It has been well accepted that GaN on large size silicon substrates is the most cost-effective way to achieve high volume production of GaN power devices. However, a large wafer bow combined with a high buffer leakage has hindered the further development of the GaN-on-Si technology so far. Our process on 200mm silicon substrates shows that high breakdown voltage (&gt;1600V) GaN power devices with low leakage currently can be achieved with relatively thin buffer layers of 4 µm. They simplify the growth process, minimize the wafer bow and reduce the epi-cost significantly. Based on our processes which were applied on AIXTRON’s CRIUS® system, GaN-on-Si power devices may reach even higher voltages in the near future,” comments Dr. Cheng Kai, co-founder of Enkris.</p><p style=\"font-family:sans-serif, Arial, Verdana;text-align:center;\"><img src=\"http://www.itenkris.com/Public/umeditor/php/upload/20160607/1465302245664.jpg\" alt=\"1465302245664.jpg\" /></p><p style=\"font-family:sans-serif, Arial, Verdana;text-align:center;\">Figure 2 Leakage current of devices farbricated on 200mm GaN-on-Si wafers</p><p style=\"font-family:sans-serif, Arial, Verdana;\">Dr. Frank Wischmeyer, Vice president power Electronics at AIXTRON, says “Enkris‘ remarkable success in achieving excellent layer quality and material properties show the capability of the Closed Coupled Showerhead® technology for high voltage GaN HEMT applications. The MOCVD technology is enabling the integration of wide band-semiconductors on large diameter silicon substrates. AIXTRON is committed to support the power electronics industry advancing toward high volume 200mm GaN-on-Si device manufacturing.”</p><p style=\"font-family:sans-serif, Arial, Verdana;\">About Enkris Semiconductor</p><p style=\"font-family:sans-serif, Arial, Verdana;\">Enkris Semiconductor, Inc. is located in Suzhou, Jiangsu, China. The company’s main products are GaN epi-wafers for electronics applications including both wireless communications and high voltage power switching devices. For further information on Enkris Semi., please contact: info@enkris.com.</p><p style=\"font-family:sans-serif, Arial, Verdana;\">About AIXTRON</p><p style=\"font-family:sans-serif, Arial, Verdana;\">AIXTRON SE is a leading provider of deposition equipment to the semiconductor industry. The Company was founded in 1983 and is headquartered in Herzogenrath (near Aachen), Germany, with subsidiaries and sales offices in Asia, United States and in Europe. AIXTRON’s technology solutions are used by a diverse range of customers worldwide to build advanced components for electronic and opto-electronic applications based on compound, silicon, or organic semiconductor materials. Such components are used in a broad range of innovative applications, technologies and industries. These include LED applications, display technologies, data storage, data transmission, energy management and conversion, communication, signalling and lighting as well as a range of other leading-edge technologies.</p><p style=\"font-family:sans-serif, Arial, Verdana;\">For further information on AIXTRON (FSE: AIXA, ISIN DE000A0WMpJ6; NASDAQ: AIXG, ISIN US0096061041) please visit our website at: <a href=\"http://www.aixtron.com/\" target=\"_blank\">www.aixtron.com</a>.</p><p><br /></p>', '2016-6-13 22:25:46');
INSERT INTO `news` (`id`, `news_title`, `news_content`, `addtime`) VALUES (4, '4 Enkris Semiconductor Demonstrates High Voltage GaN HEMT Structures on 200mm Silicon with AIXTRON Tool', '<p style=\"font-family:sans-serif, Arial, Verdana;\">Aachen/Suzhou, July 03, 2014 – Chinese semiconductor specialist Enkris Semiconductor, Inc. has successfully demonstrated the manufacture of high voltage Gallium Nitride HEMT (High Electron Mobility Transistor) structures on 200mm Silicon (GaN-on-Si) by using an AIXTRON CRIUS® II Close Coupled Showerhead® Reactor.</p><p style=\"font-family:sans-serif, Arial, Verdana;\">GaN-on-Si power devices have attracted much attention from both academics and industry recently because of their potential applications in power electronics. Due to the defective nature of heteroepitaxial GaN layers grown on silicon, GaN-on-Si power devices have suffered from high buffer leakage. Most recently, Enkris Semiconductor has produced high voltage GaN HEMT materials on 200mm silicon with excellent uniformity and low buffer leakage combined with excellent thickness uniformity of&lt;0.5% without edge exclusion. Under special conditions the uniformity value can be improved even further</p><p style=\"font-family:sans-serif, Arial, Verdana;text-align:center;\"><img src=\"http://www.itenkris.com/Public/umeditor/php/upload/20160607/14653019411689.jpg\" alt=\"14653019411689.jpg\" /></p><p style=\"font-family:sans-serif, Arial, Verdana;text-align:center;\">Figure 1 Thickness mapping of 200mm GaN-on-Si wafers</p><p style=\"font-family:sans-serif, Arial, Verdana;\">“It has been well accepted that GaN on large size silicon substrates is the most cost-effective way to achieve high volume production of GaN power devices. However, a large wafer bow combined with a high buffer leakage has hindered the further development of the GaN-on-Si technology so far. Our process on 200mm silicon substrates shows that high breakdown voltage (&gt;1600V) GaN power devices with low leakage currently can be achieved with relatively thin buffer layers of 4 µm. They simplify the growth process, minimize the wafer bow and reduce the epi-cost significantly. Based on our processes which were applied on AIXTRON’s CRIUS® system, GaN-on-Si power devices may reach even higher voltages in the near future,” comments Dr. Cheng Kai, co-founder of Enkris.</p><p style=\"font-family:sans-serif, Arial, Verdana;text-align:center;\"><img src=\"http://www.itenkris.com/Public/umeditor/php/upload/20160607/1465302245664.jpg\" alt=\"1465302245664.jpg\" /></p><p style=\"font-family:sans-serif, Arial, Verdana;text-align:center;\">Figure 2 Leakage current of devices farbricated on 200mm GaN-on-Si wafers</p><p style=\"font-family:sans-serif, Arial, Verdana;\">Dr. Frank Wischmeyer, Vice president power Electronics at AIXTRON, says “Enkris‘ remarkable success in achieving excellent layer quality and material properties show the capability of the Closed Coupled Showerhead® technology for high voltage GaN HEMT applications. The MOCVD technology is enabling the integration of wide band-semiconductors on large diameter silicon substrates. AIXTRON is committed to support the power electronics industry advancing toward high volume 200mm GaN-on-Si device manufacturing.”</p><p style=\"font-family:sans-serif, Arial, Verdana;\">About Enkris Semiconductor</p><p style=\"font-family:sans-serif, Arial, Verdana;\">Enkris Semiconductor, Inc. is located in Suzhou, Jiangsu, China. The company’s main products are GaN epi-wafers for electronics applications including both wireless communications and high voltage power switching devices. For further information on Enkris Semi., please contact: info@enkris.com.</p><p style=\"font-family:sans-serif, Arial, Verdana;\">About AIXTRON</p><p style=\"font-family:sans-serif, Arial, Verdana;\">AIXTRON SE is a leading provider of deposition equipment to the semiconductor industry. The Company was founded in 1983 and is headquartered in Herzogenrath (near Aachen), Germany, with subsidiaries and sales offices in Asia, United States and in Europe. AIXTRON’s technology solutions are used by a diverse range of customers worldwide to build advanced components for electronic and opto-electronic applications based on compound, silicon, or organic semiconductor materials. Such components are used in a broad range of innovative applications, technologies and industries. These include LED applications, display technologies, data storage, data transmission, energy management and conversion, communication, signalling and lighting as well as a range of other leading-edge technologies.</p><p style=\"font-family:sans-serif, Arial, Verdana;\">For further information on AIXTRON (FSE: AIXA, ISIN DE000A0WMpJ6; NASDAQ: AIXG, ISIN US0096061041) please visit our website at: <a href=\"http://www.aixtron.com/\" target=\"_blank\">www.aixtron.com</a>.</p><p><br /></p>', '2016-6-13 22:25:34');
INSERT INTO `news` (`id`, `news_title`, `news_content`, `addtime`) VALUES (5, '5 Enkris Semiconductor Demonstrates High Voltage GaN HEMT Structures on 200mm Silicon with AIXTRON Tool', '<p style=\"font-family:sans-serif, Arial, Verdana;\">Aachen/Suzhou, July 03, 2014 – Chinese semiconductor specialist Enkris Semiconductor, Inc. has successfully demonstrated the manufacture of high voltage Gallium Nitride HEMT (High Electron Mobility Transistor) structures on 200mm Silicon (GaN-on-Si) by using an AIXTRON CRIUS® II Close Coupled Showerhead® Reactor.</p><p style=\"font-family:sans-serif, Arial, Verdana;\">GaN-on-Si power devices have attracted much attention from both academics and industry recently because of their potential applications in power electronics. Due to the defective nature of heteroepitaxial GaN layers grown on silicon, GaN-on-Si power devices have suffered from high buffer leakage. Most recently, Enkris Semiconductor has produced high voltage GaN HEMT materials on 200mm silicon with excellent uniformity and low buffer leakage combined with excellent thickness uniformity of&lt;0.5% without edge exclusion. Under special conditions the uniformity value can be improved even further</p><p style=\"font-family:sans-serif, Arial, Verdana;text-align:center;\"><img src=\"http://www.itenkris.com/Public/umeditor/php/upload/20160607/14653019411689.jpg\" alt=\"14653019411689.jpg\" /></p><p style=\"font-family:sans-serif, Arial, Verdana;text-align:center;\">Figure 1 Thickness mapping of 200mm GaN-on-Si wafers</p><p style=\"font-family:sans-serif, Arial, Verdana;\">“It has been well accepted that GaN on large size silicon substrates is the most cost-effective way to achieve high volume production of GaN power devices. However, a large wafer bow combined with a high buffer leakage has hindered the further development of the GaN-on-Si technology so far. Our process on 200mm silicon substrates shows that high breakdown voltage (&gt;1600V) GaN power devices with low leakage currently can be achieved with relatively thin buffer layers of 4 µm. They simplify the growth process, minimize the wafer bow and reduce the epi-cost significantly. Based on our processes which were applied on AIXTRON’s CRIUS® system, GaN-on-Si power devices may reach even higher voltages in the near future,” comments Dr. Cheng Kai, co-founder of Enkris.</p><p style=\"font-family:sans-serif, Arial, Verdana;text-align:center;\"><img src=\"http://www.itenkris.com/Public/umeditor/php/upload/20160607/1465302245664.jpg\" alt=\"1465302245664.jpg\" /></p><p style=\"font-family:sans-serif, Arial, Verdana;text-align:center;\">Figure 2 Leakage current of devices farbricated on 200mm GaN-on-Si wafers</p><p style=\"font-family:sans-serif, Arial, Verdana;\">Dr. Frank Wischmeyer, Vice president power Electronics at AIXTRON, says “Enkris‘ remarkable success in achieving excellent layer quality and material properties show the capability of the Closed Coupled Showerhead® technology for high voltage GaN HEMT applications. The MOCVD technology is enabling the integration of wide band-semiconductors on large diameter silicon substrates. AIXTRON is committed to support the power electronics industry advancing toward high volume 200mm GaN-on-Si device manufacturing.”</p><p style=\"font-family:sans-serif, Arial, Verdana;\">About Enkris Semiconductor</p><p style=\"font-family:sans-serif, Arial, Verdana;\">Enkris Semiconductor, Inc. is located in Suzhou, Jiangsu, China. The company’s main products are GaN epi-wafers for electronics applications including both wireless communications and high voltage power switching devices. For further information on Enkris Semi., please contact: info@enkris.com.</p><p style=\"font-family:sans-serif, Arial, Verdana;\">About AIXTRON</p><p style=\"font-family:sans-serif, Arial, Verdana;\">AIXTRON SE is a leading provider of deposition equipment to the semiconductor industry. The Company was founded in 1983 and is headquartered in Herzogenrath (near Aachen), Germany, with subsidiaries and sales offices in Asia, United States and in Europe. AIXTRON’s technology solutions are used by a diverse range of customers worldwide to build advanced components for electronic and opto-electronic applications based on compound, silicon, or organic semiconductor materials. Such components are used in a broad range of innovative applications, technologies and industries. These include LED applications, display technologies, data storage, data transmission, energy management and conversion, communication, signalling and lighting as well as a range of other leading-edge technologies.</p><p style=\"font-family:sans-serif, Arial, Verdana;\">For further information on AIXTRON (FSE: AIXA, ISIN DE000A0WMpJ6; NASDAQ: AIXG, ISIN US0096061041) please visit our website at: <a href=\"http://www.aixtron.com/\" target=\"_blank\">www.aixtron.com</a>.</p><p><br /></p>', '2016-6-13 22:25:21');
INSERT INTO `news` (`id`, `news_title`, `news_content`, `addtime`) VALUES (6, '6 Enkris Semiconductor Demonstrates High Voltage GaN HEMT Structures on 200mm Silicon with AIXTRON Tool', '<p style=\"font-family:sans-serif, Arial, Verdana;\">Aachen/Suzhou, July 03, 2014 – Chinese semiconductor specialist Enkris Semiconductor, Inc. has successfully demonstrated the manufacture of high voltage Gallium Nitride HEMT (High Electron Mobility Transistor) structures on 200mm Silicon (GaN-on-Si) by using an AIXTRON CRIUS® II Close Coupled Showerhead® Reactor.</p><p style=\"font-family:sans-serif, Arial, Verdana;\">GaN-on-Si power devices have attracted much attention from both academics and industry recently because of their potential applications in power electronics. Due to the defective nature of heteroepitaxial GaN layers grown on silicon, GaN-on-Si power devices have suffered from high buffer leakage. Most recently, Enkris Semiconductor has produced high voltage GaN HEMT materials on 200mm silicon with excellent uniformity and low buffer leakage combined with excellent thickness uniformity of&lt;0.5% without edge exclusion. Under special conditions the uniformity value can be improved even further</p><p style=\"font-family:sans-serif, Arial, Verdana;text-align:center;\"><img src=\"http://www.itenkris.com/Public/umeditor/php/upload/20160607/14653019411689.jpg\" alt=\"14653019411689.jpg\" /></p><p style=\"font-family:sans-serif, Arial, Verdana;text-align:center;\">Figure 1 Thickness mapping of 200mm GaN-on-Si wafers</p><p style=\"font-family:sans-serif, Arial, Verdana;\">“It has been well accepted that GaN on large size silicon substrates is the most cost-effective way to achieve high volume production of GaN power devices. However, a large wafer bow combined with a high buffer leakage has hindered the further development of the GaN-on-Si technology so far. Our process on 200mm silicon substrates shows that high breakdown voltage (&gt;1600V) GaN power devices with low leakage currently can be achieved with relatively thin buffer layers of 4 µm. They simplify the growth process, minimize the wafer bow and reduce the epi-cost significantly. Based on our processes which were applied on AIXTRON’s CRIUS® system, GaN-on-Si power devices may reach even higher voltages in the near future,” comments Dr. Cheng Kai, co-founder of Enkris.</p><p style=\"font-family:sans-serif, Arial, Verdana;text-align:center;\"><img src=\"http://www.itenkris.com/Public/umeditor/php/upload/20160607/1465302245664.jpg\" alt=\"1465302245664.jpg\" /></p><p style=\"font-family:sans-serif, Arial, Verdana;text-align:center;\">Figure 2 Leakage current of devices farbricated on 200mm GaN-on-Si wafers</p><p style=\"font-family:sans-serif, Arial, Verdana;\">Dr. Frank Wischmeyer, Vice president power Electronics at AIXTRON, says “Enkris‘ remarkable success in achieving excellent layer quality and material properties show the capability of the Closed Coupled Showerhead® technology for high voltage GaN HEMT applications. The MOCVD technology is enabling the integration of wide band-semiconductors on large diameter silicon substrates. AIXTRON is committed to support the power electronics industry advancing toward high volume 200mm GaN-on-Si device manufacturing.”</p><p style=\"font-family:sans-serif, Arial, Verdana;\">About Enkris Semiconductor</p><p style=\"font-family:sans-serif, Arial, Verdana;\">Enkris Semiconductor, Inc. is located in Suzhou, Jiangsu, China. The company’s main products are GaN epi-wafers for electronics applications including both wireless communications and high voltage power switching devices. For further information on Enkris Semi., please contact: info@enkris.com.</p><p style=\"font-family:sans-serif, Arial, Verdana;\">About AIXTRON</p><p style=\"font-family:sans-serif, Arial, Verdana;\">AIXTRON SE is a leading provider of deposition equipment to the semiconductor industry. The Company was founded in 1983 and is headquartered in Herzogenrath (near Aachen), Germany, with subsidiaries and sales offices in Asia, United States and in Europe. AIXTRON’s technology solutions are used by a diverse range of customers worldwide to build advanced components for electronic and opto-electronic applications based on compound, silicon, or organic semiconductor materials. Such components are used in a broad range of innovative applications, technologies and industries. These include LED applications, display technologies, data storage, data transmission, energy management and conversion, communication, signalling and lighting as well as a range of other leading-edge technologies.</p><p style=\"font-family:sans-serif, Arial, Verdana;\">For further information on AIXTRON (FSE: AIXA, ISIN DE000A0WMpJ6; NASDAQ: AIXG, ISIN US0096061041) please visit our website at: <a href=\"http://www.aixtron.com/\" target=\"_blank\">www.aixtron.com</a>.</p><p><br /></p>', '2016-6-13 22:25:05');
INSERT INTO `news` (`id`, `news_title`, `news_content`, `addtime`) VALUES (7, '7 Enkris Semiconductor Demonstrates High Voltage GaN HEMT Structures on 200mm Silicon with AIXTRON Tool', '<p style=\"font-family:sans-serif, Arial, Verdana;\">Aachen/Suzhou, July 03, 2014 – Chinese semiconductor specialist Enkris Semiconductor, Inc. has successfully demonstrated the manufacture of high voltage Gallium Nitride HEMT (High Electron Mobility Transistor) structures on 200mm Silicon (GaN-on-Si) by using an AIXTRON CRIUS® II Close Coupled Showerhead® Reactor.</p><p style=\"font-family:sans-serif, Arial, Verdana;\">GaN-on-Si power devices have attracted much attention from both academics and industry recently because of their potential applications in power electronics. Due to the defective nature of heteroepitaxial GaN layers grown on silicon, GaN-on-Si power devices have suffered from high buffer leakage. Most recently, Enkris Semiconductor has produced high voltage GaN HEMT materials on 200mm silicon with excellent uniformity and low buffer leakage combined with excellent thickness uniformity of&lt;0.5% without edge exclusion. Under special conditions the uniformity value can be improved even further</p><p style=\"font-family:sans-serif, Arial, Verdana;text-align:center;\"><img src=\"http://www.itenkris.com/Public/umeditor/php/upload/20160607/14653019411689.jpg\" alt=\"14653019411689.jpg\" /></p><p style=\"font-family:sans-serif, Arial, Verdana;text-align:center;\">Figure 1 Thickness mapping of 200mm GaN-on-Si wafers</p><p style=\"font-family:sans-serif, Arial, Verdana;\">“It has been well accepted that GaN on large size silicon substrates is the most cost-effective way to achieve high volume production of GaN power devices. However, a large wafer bow combined with a high buffer leakage has hindered the further development of the GaN-on-Si technology so far. Our process on 200mm silicon substrates shows that high breakdown voltage (&gt;1600V) GaN power devices with low leakage currently can be achieved with relatively thin buffer layers of 4 µm. They simplify the growth process, minimize the wafer bow and reduce the epi-cost significantly. Based on our processes which were applied on AIXTRON’s CRIUS® system, GaN-on-Si power devices may reach even higher voltages in the near future,” comments Dr. Cheng Kai, co-founder of Enkris.</p><p style=\"font-family:sans-serif, Arial, Verdana;text-align:center;\"><img src=\"http://www.itenkris.com/Public/umeditor/php/upload/20160607/1465302245664.jpg\" alt=\"1465302245664.jpg\" /></p><p style=\"font-family:sans-serif, Arial, Verdana;text-align:center;\">Figure 2 Leakage current of devices farbricated on 200mm GaN-on-Si wafers</p><p style=\"font-family:sans-serif, Arial, Verdana;\">Dr. Frank Wischmeyer, Vice president power Electronics at AIXTRON, says “Enkris‘ remarkable success in achieving excellent layer quality and material properties show the capability of the Closed Coupled Showerhead® technology for high voltage GaN HEMT applications. The MOCVD technology is enabling the integration of wide band-semiconductors on large diameter silicon substrates. AIXTRON is committed to support the power electronics industry advancing toward high volume 200mm GaN-on-Si device manufacturing.”</p><p style=\"font-family:sans-serif, Arial, Verdana;\">About Enkris Semiconductor</p><p style=\"font-family:sans-serif, Arial, Verdana;\">Enkris Semiconductor, Inc. is located in Suzhou, Jiangsu, China. The company’s main products are GaN epi-wafers for electronics applications including both wireless communications and high voltage power switching devices. For further information on Enkris Semi., please contact: info@enkris.com.</p><p style=\"font-family:sans-serif, Arial, Verdana;\">About AIXTRON</p><p style=\"font-family:sans-serif, Arial, Verdana;\">AIXTRON SE is a leading provider of deposition equipment to the semiconductor industry. The Company was founded in 1983 and is headquartered in Herzogenrath (near Aachen), Germany, with subsidiaries and sales offices in Asia, United States and in Europe. AIXTRON’s technology solutions are used by a diverse range of customers worldwide to build advanced components for electronic and opto-electronic applications based on compound, silicon, or organic semiconductor materials. Such components are used in a broad range of innovative applications, technologies and industries. These include LED applications, display technologies, data storage, data transmission, energy management and conversion, communication, signalling and lighting as well as a range of other leading-edge technologies.</p><p style=\"font-family:sans-serif, Arial, Verdana;\">For further information on AIXTRON (FSE: AIXA, ISIN DE000A0WMpJ6; NASDAQ: AIXG, ISIN US0096061041) please visit our website at: <a href=\"http://www.aixtron.com/\" target=\"_blank\">www.aixtron.com</a>.</p><p><br /></p>', '2016-6-13 22:24:51');
INSERT INTO `news` (`id`, `news_title`, `news_content`, `addtime`) VALUES (8, '8 Enkris Semiconductor Demonstrates High Voltage GaN HEMT Structures on 200mm Silicon with AIXTRON Tool', '<p style=\"font-family:sans-serif, Arial, Verdana;\">Aachen/Suzhou, July 03, 2014 – Chinese semiconductor specialist Enkris Semiconductor, Inc. has successfully demonstrated the manufacture of high voltage Gallium Nitride HEMT (High Electron Mobility Transistor) structures on 200mm Silicon (GaN-on-Si) by using an AIXTRON CRIUS® II Close Coupled Showerhead® Reactor.</p><p style=\"font-family:sans-serif, Arial, Verdana;\">GaN-on-Si power devices have attracted much attention from both academics and industry recently because of their potential applications in power electronics. Due to the defective nature of heteroepitaxial GaN layers grown on silicon, GaN-on-Si power devices have suffered from high buffer leakage. Most recently, Enkris Semiconductor has produced high voltage GaN HEMT materials on 200mm silicon with excellent uniformity and low buffer leakage combined with excellent thickness uniformity of&lt;0.5% without edge exclusion. Under special conditions the uniformity value can be improved even further</p><p style=\"font-family:sans-serif, Arial, Verdana;text-align:center;\"><img src=\"http://www.itenkris.com/Public/umeditor/php/upload/20160607/14653019411689.jpg\" alt=\"14653019411689.jpg\" /></p><p style=\"font-family:sans-serif, Arial, Verdana;text-align:center;\">Figure 1 Thickness mapping of 200mm GaN-on-Si wafers</p><p style=\"font-family:sans-serif, Arial, Verdana;\">“It has been well accepted that GaN on large size silicon substrates is the most cost-effective way to achieve high volume production of GaN power devices. However, a large wafer bow combined with a high buffer leakage has hindered the further development of the GaN-on-Si technology so far. Our process on 200mm silicon substrates shows that high breakdown voltage (&gt;1600V) GaN power devices with low leakage currently can be achieved with relatively thin buffer layers of 4 µm. They simplify the growth process, minimize the wafer bow and reduce the epi-cost significantly. Based on our processes which were applied on AIXTRON’s CRIUS® system, GaN-on-Si power devices may reach even higher voltages in the near future,” comments Dr. Cheng Kai, co-founder of Enkris.</p><p style=\"font-family:sans-serif, Arial, Verdana;text-align:center;\"><img src=\"http://www.itenkris.com/Public/umeditor/php/upload/20160607/1465302245664.jpg\" alt=\"1465302245664.jpg\" /></p><p style=\"font-family:sans-serif, Arial, Verdana;text-align:center;\">Figure 2 Leakage current of devices farbricated on 200mm GaN-on-Si wafers</p><p style=\"font-family:sans-serif, Arial, Verdana;\">Dr. Frank Wischmeyer, Vice president power Electronics at AIXTRON, says “Enkris‘ remarkable success in achieving excellent layer quality and material properties show the capability of the Closed Coupled Showerhead® technology for high voltage GaN HEMT applications. The MOCVD technology is enabling the integration of wide band-semiconductors on large diameter silicon substrates. AIXTRON is committed to support the power electronics industry advancing toward high volume 200mm GaN-on-Si device manufacturing.”</p><p style=\"font-family:sans-serif, Arial, Verdana;\">About Enkris Semiconductor</p><p style=\"font-family:sans-serif, Arial, Verdana;\">Enkris Semiconductor, Inc. is located in Suzhou, Jiangsu, China. The company’s main products are GaN epi-wafers for electronics applications including both wireless communications and high voltage power switching devices. For further information on Enkris Semi., please contact: info@enkris.com.</p><p style=\"font-family:sans-serif, Arial, Verdana;\">About AIXTRON</p><p style=\"font-family:sans-serif, Arial, Verdana;\">AIXTRON SE is a leading provider of deposition equipment to the semiconductor industry. The Company was founded in 1983 and is headquartered in Herzogenrath (near Aachen), Germany, with subsidiaries and sales offices in Asia, United States and in Europe. AIXTRON’s technology solutions are used by a diverse range of customers worldwide to build advanced components for electronic and opto-electronic applications based on compound, silicon, or organic semiconductor materials. Such components are used in a broad range of innovative applications, technologies and industries. These include LED applications, display technologies, data storage, data transmission, energy management and conversion, communication, signalling and lighting as well as a range of other leading-edge technologies.</p><p style=\"font-family:sans-serif, Arial, Verdana;\">For further information on AIXTRON (FSE: AIXA, ISIN DE000A0WMpJ6; NASDAQ: AIXG, ISIN US0096061041) please visit our website at: <a href=\"http://www.aixtron.com/\" target=\"_blank\">www.aixtron.com</a>.</p><p><br /></p>', '2016-6-13 22:24:38');
INSERT INTO `news` (`id`, `news_title`, `news_content`, `addtime`) VALUES (9, '9 Enkris Semiconductor Demonstrates High Voltage GaN HEMT Structures on 200mm Silicon with AIXTRON Tool', '<p style=\"font-family:sans-serif, Arial, Verdana;\">Aachen/Suzhou, July 03, 2014 – Chinese semiconductor specialist Enkris Semiconductor, Inc. has successfully demonstrated the manufacture of high voltage Gallium Nitride HEMT (High Electron Mobility Transistor) structures on 200mm Silicon (GaN-on-Si) by using an AIXTRON CRIUS® II Close Coupled Showerhead® Reactor.</p><p style=\"font-family:sans-serif, Arial, Verdana;\">GaN-on-Si power devices have attracted much attention from both academics and industry recently because of their potential applications in power electronics. Due to the defective nature of heteroepitaxial GaN layers grown on silicon, GaN-on-Si power devices have suffered from high buffer leakage. Most recently, Enkris Semiconductor has produced high voltage GaN HEMT materials on 200mm silicon with excellent uniformity and low buffer leakage combined with excellent thickness uniformity of&lt;0.5% without edge exclusion. Under special conditions the uniformity value can be improved even further</p><p style=\"font-family:sans-serif, Arial, Verdana;text-align:center;\"><img src=\"http://www.itenkris.com/Public/umeditor/php/upload/20160607/14653019411689.jpg\" alt=\"14653019411689.jpg\" /></p><p style=\"font-family:sans-serif, Arial, Verdana;text-align:center;\">Figure 1 Thickness mapping of 200mm GaN-on-Si wafers</p><p style=\"font-family:sans-serif, Arial, Verdana;\">“It has been well accepted that GaN on large size silicon substrates is the most cost-effective way to achieve high volume production of GaN power devices. However, a large wafer bow combined with a high buffer leakage has hindered the further development of the GaN-on-Si technology so far. Our process on 200mm silicon substrates shows that high breakdown voltage (&gt;1600V) GaN power devices with low leakage currently can be achieved with relatively thin buffer layers of 4 µm. They simplify the growth process, minimize the wafer bow and reduce the epi-cost significantly. Based on our processes which were applied on AIXTRON’s CRIUS® system, GaN-on-Si power devices may reach even higher voltages in the near future,” comments Dr. Cheng Kai, co-founder of Enkris.</p><p style=\"font-family:sans-serif, Arial, Verdana;text-align:center;\"><img src=\"http://www.itenkris.com/Public/umeditor/php/upload/20160607/1465302245664.jpg\" alt=\"1465302245664.jpg\" /></p><p style=\"font-family:sans-serif, Arial, Verdana;text-align:center;\">Figure 2 Leakage current of devices farbricated on 200mm GaN-on-Si wafers</p><p style=\"font-family:sans-serif, Arial, Verdana;\">Dr. Frank Wischmeyer, Vice president power Electronics at AIXTRON, says “Enkris‘ remarkable success in achieving excellent layer quality and material properties show the capability of the Closed Coupled Showerhead® technology for high voltage GaN HEMT applications. The MOCVD technology is enabling the integration of wide band-semiconductors on large diameter silicon substrates. AIXTRON is committed to support the power electronics industry advancing toward high volume 200mm GaN-on-Si device manufacturing.”</p><p style=\"font-family:sans-serif, Arial, Verdana;\">About Enkris Semiconductor</p><p style=\"font-family:sans-serif, Arial, Verdana;\">Enkris Semiconductor, Inc. is located in Suzhou, Jiangsu, China. The company’s main products are GaN epi-wafers for electronics applications including both wireless communications and high voltage power switching devices. For further information on Enkris Semi., please contact: info@enkris.com.</p><p style=\"font-family:sans-serif, Arial, Verdana;\">About AIXTRON</p><p style=\"font-family:sans-serif, Arial, Verdana;\">AIXTRON SE is a leading provider of deposition equipment to the semiconductor industry. The Company was founded in 1983 and is headquartered in Herzogenrath (near Aachen), Germany, with subsidiaries and sales offices in Asia, United States and in Europe. AIXTRON’s technology solutions are used by a diverse range of customers worldwide to build advanced components for electronic and opto-electronic applications based on compound, silicon, or organic semiconductor materials. Such components are used in a broad range of innovative applications, technologies and industries. These include LED applications, display technologies, data storage, data transmission, energy management and conversion, communication, signalling and lighting as well as a range of other leading-edge technologies.</p><p style=\"font-family:sans-serif, Arial, Verdana;\">For further information on AIXTRON (FSE: AIXA, ISIN DE000A0WMpJ6; NASDAQ: AIXG, ISIN US0096061041) please visit our website at: <a href=\"http://www.aixtron.com/\" target=\"_blank\">www.aixtron.com</a>.</p><p><br /></p>', '2016-6-13 22:53:45');


create table goods(
   id mediumint unsigned not null auto_increment comment 'Id',
   goods_name varchar(1500) not null comment '产品名称',
   logo varchar(150) not null default '' comment '产品logo',
   big_logo varchar(150) not null default '' comment '产品logo大图',
   mid_logo varchar(150) not null default '' comment '产品logo中图',
   sm_logo varchar(150) not null default '' comment '产品logo小图',
   goods_msc varchar(500) not null comment '产品简介',
   goods_td varchar(300) not null comment '产品特点',
   goods_desc varchar(3000) not null comment '产品特点描述',
   addtime datetime not null comment '添加时间',
   primary key (id),   
   key addtime(addtime)
)engine=InnoDB default charset=utf8 comment '产品';
INSERT INTO `goods` (`id`, `goods_name`, `logo`, `big_logo`, `mid_logo`, `sm_logo`, `goods_msc`, `goods_td`, `goods_desc`, `addtime`) VALUES (1, 'GaN-on-Silicon', 'Goods/logo/2016-06-12/575d64db8588f.png', 'Goods/logo/2016-06-12/big_575d64db8588f.png', 'Goods/logo/2016-06-12/mid_575d64db8588f.png', 'Goods/logo/2016-06-12/sm_575d64db8588f.png', 'Enkris is among the few companies which is capable to supply 200 mm GaN-on-Si wafers to its customers in volume.', 'Key features of GaN-on-Si epitaxial wafers', '<p><span><br /></span></p><ul><li><p><span style=\"font-family:sans-serif, Arial, Verdana;\">High breakdown voltage and extremely low buffer leakage</span></p></li><li><p><span style=\"font-family:sans-serif, Arial, Verdana;\">Excellent uniformity and reproducibility</span></p></li><li><p><span style=\"font-family:sans-serif, Arial, Verdana;\">High electron density, high electron mobility and thus low sheet resistance</span></p></li></ul><p><br /></p>', '2016-6-14 23:09:34');
INSERT INTO `goods` (`id`, `goods_name`, `logo`, `big_logo`, `mid_logo`, `sm_logo`, `goods_msc`, `goods_td`, `goods_desc`, `addtime`) VALUES (2, 'GaN-on-SiC', 'Goods/logo/2016-06-12/575d657989836.png', 'Goods/logo/2016-06-12/big_575d657989836.png', 'Goods/logo/2016-06-12/mid_575d657989836.png', 'Goods/logo/2016-06-12/sm_575d657989836.png', 'GaN-on-SiC epi-wafers are available from 2 inches to 4 inches.', 'Key features of GaN-on-SiC epitaxial wafers', '<p><br /></p><ul><li><p><span style=\"font-size:12px;font-family:sans-serif, Arial, Verdana;\">Extremely low leakage current;</span></p></li><li><p><span style=\"font-family:sans-serif, Arial, Verdana;\">Very high mobility &gt;2200cm2 /Vs;</span></p></li><li><p><span style=\"font-family:sans-serif, Arial, Verdana;\">Atomically smooth surface morphology</span></p></li></ul><p><br /></p>', '2016-6-14 23:09:00');
INSERT INTO `goods` (`id`, `goods_name`, `logo`, `big_logo`, `mid_logo`, `sm_logo`, `goods_msc`, `goods_td`, `goods_desc`, `addtime`) VALUES (3, 'GaN-on-Sapphire', 'Goods/logo/2016-06-12/575d6655ed45e.png', 'Goods/logo/2016-06-12/big_575d6655ed45e.png', 'Goods/logo/2016-06-12/mid_575d6655ed45e.png', 'Goods/logo/2016-06-12/sm_575d6655ed45e.png', 'GaN-on-Sapphire epi-wafers are available from 2 inches to 4 inches.', 'Key features of GaN-on-Sapphire epitaxial wafers', '<p><br /></p><ul><li><p><span style=\"font-family:sans-serif, Arial, Verdana;\">High breakdown voltage and extremely low buffer leakage;</span></p></li><li><p><span style=\"font-family:sans-serif, Arial, Verdana;\">Excellent uniformity and reproducibility;</span></p></li><li><p><span style=\"font-family:sans-serif, Arial, Verdana;\">High electron density, high electron mobility and thus low sheet resistance</span></p></li></ul><p><br /></p>', '2016-6-14 23:08:03');
INSERT INTO `goods` (`id`, `goods_name`, `logo`, `big_logo`, `mid_logo`, `sm_logo`, `goods_msc`, `goods_td`, `goods_desc`, `addtime`) VALUES (4, 'Customized wafers', 'Goods/logo/2016-06-14/5760241c7f8b3.png', 'Goods/logo/2016-06-14/big_5760241c7f8b3.png', 'Goods/logo/2016-06-14/mid_5760241c7f8b3.png', 'Goods/logo/2016-06-14/sm_5760241c7f8b3.png', '', '', '', '2016-6-14 23:34:52');


create table goods_ms(
   id mediumint unsigned not null auto_increment comment 'Id',
   cs varchar(150) not null default '' comment '产品cs',
   big_cs varchar(150) not null default '' comment '产品cs大图',
   mid_cs varchar(150) not null default '' comment '产品cs中图',
   sm_cs varchar(150) not null default '' comment '产品cs小图',
   goods_id mediumint unsigned not null comment '产品Id',
   goods_asc varchar(300) not null comment '产品描述',
   primary key (id)
)engine=InnoDB default charset=utf8 comment '产品cs';
INSERT INTO `goods_ms` (`id`, `cs`, `big_cs`, `mid_cs`, `sm_cs`, `goods_id`, `goods_asc`) VALUES (1, 'Goods/cs/2016-06-12/575d648dcb8e5.png', 'Goods/cs/2016-06-12/big_575d648dcb8e5.png', 'Goods/cs/2016-06-12/mid_575d648dcb8e5.png', 'Goods/cs/2016-06-12/sm_575d648dcb8e5.png', 1, 'AFM');
INSERT INTO `goods_ms` (`id`, `cs`, `big_cs`, `mid_cs`, `sm_cs`, `goods_id`, `goods_asc`) VALUES (2, 'Goods/cs/2016-06-12/575d648decab8.png', 'Goods/cs/2016-06-12/big_575d648decab8.png', 'Goods/cs/2016-06-12/mid_575d648decab8.png', 'Goods/cs/2016-06-12/sm_575d648decab8.png', 1, '');
INSERT INTO `goods_ms` (`id`, `cs`, `big_cs`, `mid_cs`, `sm_cs`, `goods_id`, `goods_asc`) VALUES (3, 'Goods/cs/2016-06-12/575d657a2045e.png', 'Goods/cs/2016-06-12/big_575d657a2045e.png', 'Goods/cs/2016-06-12/mid_575d657a2045e.png', 'Goods/cs/2016-06-12/sm_575d657a2045e.png', 2, '');
INSERT INTO `goods_ms` (`id`, `cs`, `big_cs`, `mid_cs`, `sm_cs`, `goods_id`, `goods_asc`) VALUES (4, 'Goods/cs/2016-06-12/575d657a64cbe.png', 'Goods/cs/2016-06-12/big_575d657a64cbe.png', 'Goods/cs/2016-06-12/mid_575d657a64cbe.png', 'Goods/cs/2016-06-12/sm_575d657a64cbe.png', 2, 'Mapping');
INSERT INTO `goods_ms` (`id`, `cs`, `big_cs`, `mid_cs`, `sm_cs`, `goods_id`, `goods_asc`) VALUES (5, 'Goods/cs/2016-06-12/575d66567e86e.png', 'Goods/cs/2016-06-12/big_575d66567e86e.png', 'Goods/cs/2016-06-12/mid_575d66567e86e.png', 'Goods/cs/2016-06-12/sm_575d66567e86e.png', 3, 'AFM');
INSERT INTO `goods_ms` (`id`, `cs`, `big_cs`, `mid_cs`, `sm_cs`, `goods_id`, `goods_asc`) VALUES (6, 'Goods/cs/2016-06-12/575d665697ce8.png', 'Goods/cs/2016-06-12/big_575d665697ce8.png', 'Goods/cs/2016-06-12/mid_575d665697ce8.png', 'Goods/cs/2016-06-12/sm_575d665697ce8.png', 3, '');


create table goods_pic(
   id mediumint unsigned not null auto_increment comment 'Id',
   pic varchar(150) not null default '' comment '产品相册',  
   big_pic varchar(150) not null default '' comment '产品相册大图',
   mid_pic varchar(150) not null default '' comment '产品相册中图',
   sm_pic varchar(150) not null default '' comment '产品相册小图',
   goods_id mediumint unsigned not null comment '产品Id',
   primary key (id),
   key goods_id(goods_id)
)engine=InnoDB default charset=utf8 comment '产品相册';
INSERT INTO `goods_pic` (`id`, `pic`, `big_pic`, `mid_pic`, `sm_pic`, `goods_id`) VALUES (20, 'Goods/pic/2016-06-13/575e88ffb2c53.png', 'Goods/pic/2016-06-13/big_575e88ffb2c53.png', 'Goods/pic/2016-06-13/mid_575e88ffb2c53.png', 'Goods/pic/2016-06-13/sm_575e88ffb2c53.png', 1);
INSERT INTO `goods_pic` (`id`, `pic`, `big_pic`, `mid_pic`, `sm_pic`, `goods_id`) VALUES (21, 'Goods/pic/2016-06-13/575e89a959308.png', 'Goods/pic/2016-06-13/big_575e89a959308.png', 'Goods/pic/2016-06-13/mid_575e89a959308.png', 'Goods/pic/2016-06-13/sm_575e89a959308.png', 2);
INSERT INTO `goods_pic` (`id`, `pic`, `big_pic`, `mid_pic`, `sm_pic`, `goods_id`) VALUES (22, 'Goods/pic/2016-06-13/575e89f6c0c1e.png', 'Goods/pic/2016-06-13/big_575e89f6c0c1e.png', 'Goods/pic/2016-06-13/mid_575e89f6c0c1e.png', 'Goods/pic/2016-06-13/sm_575e89f6c0c1e.png', 3);
INSERT INTO `goods_pic` (`id`, `pic`, `big_pic`, `mid_pic`, `sm_pic`, `goods_id`) VALUES (25, 'Goods/pic/2016-06-14/576023da00e09.png', 'Goods/pic/2016-06-14/big_576023da00e09.png', 'Goods/pic/2016-06-14/mid_576023da00e09.png', 'Goods/pic/2016-06-14/sm_576023da00e09.png', 4);


create table employ(
   id mediumint unsigned not null auto_increment comment 'Id',
   cate varchar(150) not null comment '职位名称',
   category varchar(150) not null comment '职位类型',
   position varchar(150) not null comment '类型',
   location varchar(300) not null comment '地址',
   kr mediumtext not null comment '主要职责',
   eq mediumtext not null comment '任职条件', 
   addtime datetime not null comment '添加时间',
   primary key (id),   
   key addtime(addtime)
)engine=InnoDB default charset=utf8 comment '招聘信息';
INSERT INTO `employ` (`id`, `category`, `position`, `location`, `kr`, `eq`, `addtime`, `cate`) VALUES (1, 'Engineering', 'Full Time', 'Suzhou Industry Park,\r\nJiangsu Province,P.R.China', '<ol><li><p><span style=\"font-family:arial, helvetica, sans-serif;\">‍‍‍‍‍‍‍‍‍‍‍‍‍‍‍‍‍‍‍‍‍‍Taking ownership of MOCVD reactors and processes including scheduling, data analysis, layer characterization;</span></p></li><li><p><span style=\"font-family:arial, helvetica, sans-serif;\">leading process-improvement and coordinating process transfers to production;</span></p></li><li><p><span style=\"font-family:arial, helvetica, sans-serif;\">Perform hardware characterization on MOCVD system, directing equipment maintenance, within safety guidelines;</span></p></li><li><p><span style=\"font-family:arial, helvetica, sans-serif;\">Troubleshoot technical problems, perform Root Cause Analysis and resolve process engineering issues;</span></p></li><li><p><span style=\"font-family:arial, helvetica, sans-serif;\">Generating internal documentation for products, and technical reports;</span></p></li><li><p><span style=\"font-family:arial, helvetica, sans-serif;\">Implement new technology, products and analytical instrumentation;‍‍‍‍‍‍‍‍‍‍‍‍‍‍‍‍</span></p></li></ol><p><span>‍</span><span>‍</span><span>‍</span><span>‍</span><span>‍</span><span>‍</span><br /></p>', '<ol><li><p><span style=\"font-family:arial, helvetica, sans-serif;\">A MS degree or above in Electrical Engineering, Materials Science, or Chemical Engineering;</span></p></li><li><p><span style=\"font-family:arial, helvetica, sans-serif;\">Technical experience of thin Film deposition, epitaxy or MOCVD;</span></p></li><li><p><span style=\"font-family:arial, helvetica, sans-serif;\">Team-work spirit;</span></p></li><li><p><span style=\"font-family:arial, helvetica, sans-serif;\">Excellent communication and interpersonal skills are preferred; </span></p></li><li><p><span style=\"font-family:arial, helvetica, sans-serif;\">Knowledge of experimental design is a plus</span></p></li></ol><p><br /></p>', '2016-6-15 19:46:13', '2 MCVD Epitaxial Engineers');
INSERT INTO `employ` (`id`, `category`, `position`, `location`, `kr`, `eq`, `addtime`, `cate`) VALUES (2, 'test engine', 'full time', 'Suzhou Industry Park, Jiangsu Province,P.R.China', '<ol><li><p><span style=\"font-family:arial, helvetica, sans-serif;\">‍‍‍‍‍‍‍‍‍‍‍‍‍‍‍‍‍‍‍‍‍‍Taking ownership of MOCVD reactors and processes including scheduling, data analysis, layer characterization;</span></p></li><li><p><span style=\"font-family:arial, helvetica, sans-serif;\">leading process-improvement and coordinating process transfers to production;</span></p></li><li><p><span style=\"font-family:arial, helvetica, sans-serif;\">Perform hardware characterization on MOCVD system, directing equipment maintenance, within safety guidelines;</span></p></li><li><p><span style=\"font-family:arial, helvetica, sans-serif;\">Troubleshoot technical problems, perform Root Cause Analysis and resolve process engineering issues;</span></p></li><li><p><span style=\"font-family:arial, helvetica, sans-serif;\">Generating internal documentation for products, and technical reports;</span></p></li><li><p><span style=\"font-family:arial, helvetica, sans-serif;\">Implement new technology, products and analytical instrumentation;‍‍‍‍‍‍‍‍‍‍‍‍‍‍‍‍</span></p></li></ol><p><span style=\"font-family:sans-serif;font-size:16px;\"></span></p><p><br /><span style=\"font-size:12px;\"></span></p>', '<ol><li><p><span style=\"font-family:arial, helvetica, sans-serif;\">A MS degree or above in Electrical Engineering, Materials Science, or Chemical Engineering;</span></p></li><li><p><span style=\"font-family:arial, helvetica, sans-serif;\">Technical experience of thin Film deposition, epitaxy or MOCVD;</span></p></li><li><p><span style=\"font-family:arial, helvetica, sans-serif;\">Team-work spirit;</span></p></li><li><p><span style=\"font-family:arial, helvetica, sans-serif;\">Excellent communication and interpersonal skills are preferred; </span></p></li><li><p><span style=\"font-family:arial, helvetica, sans-serif;\">Knowledge of experimental design is a plus</span></p></li></ol><p><br /></p>', '2016-6-15 19:54:37', '3 XRD    Test Engineers');

create table intro(
   id mediumint unsigned not null auto_increment comment 'Id',
   logo varchar(150) not null comment 'Logo',
   cintro varchar(3000) not null comment '公司简介',
   location varchar(200) not null comment '地址',
   zip varchar(10) not null comment '邮编',
   gintro varchar(3000) not null comment '产品简介',
   primary key (id)
)engine=InnoDB default charset=utf8 comment '简介';
INSERT INTO `intro` (`id`, `logo`, `cintro`, `location`, `zip`, `gintro`) VALUES (2, 'Intro/2016-06-07/5756ec2ebc0b7.png', '<p>Energy is one of the main concerns in our current society. Enkris is dedicated to developing high quality GaN epi-wafers for high efficiency GaN electronics and thus reduce the overall electricity consumption. GaN-based devices can achieve low specific Ron and fast switching/oscillation simultaneously because of its high critical electrical field. Enkris’ wafers have been optimized with extremely low buffer leakage and low buffer traps, which are the key features for high performance GaN devices.</p>', 'NW-20, Nanopolis Suzhou, 99 Jinji Avenue, Suzhou Industrial Park, China', '215123', '<p>Enkris Semiconductor is a startup company focused on green technology using GaN. GaN is a wide-bandgap material which can greatly reduce the electricity loss during power conversion and RF signal generation. Enkris is dedicated to developing and producing high quality GaN epi-wafers for the next generation high efficient power electronic devices and RF devices. Enkris offers GaN-on-Sapphire, GaN-on-SiC and GaN-on-Silicon wafers with varied wafer sizes to its customers.</p>');


create table contact(
   id mediumint unsigned not null auto_increment comment 'Id',
   smtel varchar(150) not null comment '销售热线',
   smemail varchar(150) not null comment '销售email',
   tstel varchar(150) not null comment '技术支持热线',
   tsemail varchar(150) not null comment '技术email',
   primary key (id)
)engine=InnoDB default charset=utf8 comment '联系我们';
INSERT INTO `contact` (`id`, `smtel`, `smemail`, `tstel`, `tsemail`) VALUES (1, '+86-512-6270925', 'richardleo@enkris.com', '+86-512-6270925', 'info@enkris.com');


create table about(
   id mediumint unsigned not null auto_increment comment 'Id',
   logo varchar(150) not null comment 'Logo',
   link varchar(150) not null comment '内部链接',
   primary key (id)
)engine=InnoDB default charset=utf8 comment '关于我们';
INSERT INTO `about` (`id`, `logo`, `link`) VALUES (2, 'About/logo/2016-06-07/5756ae221ae27.png', 'www.enkris.com/index.hml');
INSERT INTO `about` (`id`, `logo`, `link`) VALUES (3, 'About/logo/2016-06-07/5756ae41bf40a.png', 'www.enkris.com/index.html');
INSERT INTO `about` (`id`, `logo`, `link`) VALUES (4, 'About/logo/2016-06-07/5756ae69d08d1.png', 'www.enkris.com/index.html');
INSERT INTO `about` (`id`, `logo`, `link`) VALUES (5, 'About/logo/2016-06-07/5756ae7ec5067.png', 'www.enkris.com/index.html');

create table admin(
   id mediumint unsigned not null auto_increment comment 'Id',
   username varchar(30) not null comment '用户名',
   password char(32) not null comment '密码',
   primary key (id)
)engine=InnoDB default charset=utf8 comment '管理员';
INSERT INTO `admin` (`id`, `username`, `password`) VALUES (1, 'admin', '21232f297a57a5a743894a0e4a801fc3');
INSERT INTO `admin` (`id`, `username`, `password`) VALUES (2, 'zouke', 'b5df72db0a8c6c6f36f713b631570ec7');

